"filename", "language", "Python", "comment", "blank", "total"
"/home/user/Versions-MPE-pgddpg-2020-06/mpe-pgddpg-v-0.1.7 (another copy)/env/__init__.py", "Python", 0, 0, 1, 1
"/home/user/Versions-MPE-pgddpg-2020-06/mpe-pgddpg-v-0.1.7 (another copy)/env/multiagent/__init__.py", "Python", 0, 0, 1, 1
"/home/user/Versions-MPE-pgddpg-2020-06/mpe-pgddpg-v-0.1.7 (another copy)/env/multiagent/core.py", "Python", 156, 68, 32, 256
"/home/user/Versions-MPE-pgddpg-2020-06/mpe-pgddpg-v-0.1.7 (another copy)/env/multiagent/environment.py", "Python", 307, 82, 46, 435
"/home/user/Versions-MPE-pgddpg-2020-06/mpe-pgddpg-v-0.1.7 (another copy)/env/multiagent/policy.py", "Python", 41, 7, 5, 53
"/home/user/Versions-MPE-pgddpg-2020-06/mpe-pgddpg-v-0.1.7 (another copy)/env/multiagent/rendering.py", "Python", 283, 19, 43, 345
"/home/user/Versions-MPE-pgddpg-2020-06/mpe-pgddpg-v-0.1.7 (another copy)/env/multiagent/scenario.py", "Python", 6, 3, 2, 11
"/home/user/Versions-MPE-pgddpg-2020-06/mpe-pgddpg-v-0.1.7 (another copy)/env/multiagent/scenarios/__init__.py", "Python", 5, 0, 3, 8
"/home/user/Versions-MPE-pgddpg-2020-06/mpe-pgddpg-v-0.1.7 (another copy)/env/multiagent/scenarios/round_up.py", "Python", 242, 88, 49, 379
"Total", "-", 1040, 267, 182, 1489