"filename", "language", "Python", "comment", "blank", "total"
"/home/user/Versions-MPE-pgddpg-2020-06/mpe-pgddpg-v-0.1.7 (another copy)/algorithm/__init__.py", "Python", 0, 0, 1, 1
"/home/user/Versions-MPE-pgddpg-2020-06/mpe-pgddpg-v-0.1.7 (another copy)/algorithm/common/__init__.py", "Python", 0, 0, 1, 1
"/home/user/Versions-MPE-pgddpg-2020-06/mpe-pgddpg-v-0.1.7 (another copy)/algorithm/common/distributions2.py", "Python", 79, 17, 34, 130
"/home/user/Versions-MPE-pgddpg-2020-06/mpe-pgddpg-v-0.1.7 (another copy)/algorithm/common/network_utils.py", "Python", 24, 17, 13, 54
"/home/user/Versions-MPE-pgddpg-2020-06/mpe-pgddpg-v-0.1.7 (another copy)/algorithm/common/reinforce_utils.py", "Python", 50, 3, 6, 59
"/home/user/Versions-MPE-pgddpg-2020-06/mpe-pgddpg-v-0.1.7 (another copy)/algorithm/common/tf_utils.py", "Python", 169, 132, 61, 362
"/home/user/Versions-MPE-pgddpg-2020-06/mpe-pgddpg-v-0.1.7 (another copy)/algorithm/misc.py", "Python", 150, 131, 43, 324
"/home/user/Versions-MPE-pgddpg-2020-06/mpe-pgddpg-v-0.1.7 (another copy)/algorithm/prioritized_experience_replay_buffer/__init__.py", "Python", 0, 0, 1, 1
"/home/user/Versions-MPE-pgddpg-2020-06/mpe-pgddpg-v-0.1.7 (another copy)/algorithm/prioritized_experience_replay_buffer/priority_queue_buffer.py", "Python", 181, 53, 44, 278
"/home/user/Versions-MPE-pgddpg-2020-06/mpe-pgddpg-v-0.1.7 (another copy)/algorithm/prioritized_experience_replay_buffer/replay_buffer.py", "Python", 148, 95, 31, 274
"/home/user/Versions-MPE-pgddpg-2020-06/mpe-pgddpg-v-0.1.7 (another copy)/algorithm/prioritized_experience_replay_buffer/segment_tree.py", "Python", 69, 62, 15, 146
"/home/user/Versions-MPE-pgddpg-2020-06/mpe-pgddpg-v-0.1.7 (another copy)/algorithm/prioritized_experience_replay_buffer/trajectory_replay_buffer.py", "Python", 141, 90, 31, 262
"/home/user/Versions-MPE-pgddpg-2020-06/mpe-pgddpg-v-0.1.7 (another copy)/algorithm/prioritized_experience_replay_buffer/utils.py", "Python", 55, 26, 12, 93
"/home/user/Versions-MPE-pgddpg-2020-06/mpe-pgddpg-v-0.1.7 (another copy)/algorithm/trainer/__init__.py", "Python", 48, 0, 16, 64
"/home/user/Versions-MPE-pgddpg-2020-06/mpe-pgddpg-v-0.1.7 (another copy)/algorithm/trainer/ddpg.py", "Python", 203, 62, 70, 335
"/home/user/Versions-MPE-pgddpg-2020-06/mpe-pgddpg-v-0.1.7 (another copy)/algorithm/trainer/fixed.py", "Python", 8, 6, 5, 19
"/home/user/Versions-MPE-pgddpg-2020-06/mpe-pgddpg-v-0.1.7 (another copy)/algorithm/trainer/pgddpg.py", "Python", 203, 62, 70, 335
"/home/user/Versions-MPE-pgddpg-2020-06/mpe-pgddpg-v-0.1.7 (another copy)/algorithm/trainer/random_agent.py", "Python", 11, 9, 6, 26
"Total", "-", 1539, 765, 460, 2764